# Pathway	SRS014343_humann_Abundance
UNMAPPED	381632.7939302605
UNINTEGRATED	1847760.2778609067
UNINTEGRATED|g__Lactobacillus.s__Lactobacillus_iners	2564893.3768019122
UNINTEGRATED|g__Lactobacillus.s__Lactobacillus_jensenii	55557.9948808429
UNINTEGRATED|unclassified	40905.5496970594
UNINTEGRATED|g__Lactobacillus.s__Lactobacillus_vaginalis	34934.6453662807
UNINTEGRATED|g__Lactobacillus.s__Lactobacillus_gasseri	16043.2490597513
P41-PWY: pyruvate fermentation to acetate and (S)-lactate I	8922.0945047446
P41-PWY: pyruvate fermentation to acetate and (S)-lactate I|g__Lactobacillus.s__Lactobacillus_iners	7948.9241689730
P41-PWY: pyruvate fermentation to acetate and (S)-lactate I|g__Lactobacillus.s__Lactobacillus_vaginalis	65.7214003592
P41-PWY: pyruvate fermentation to acetate and (S)-lactate I|unclassified	39.9697448554
P41-PWY: pyruvate fermentation to acetate and (S)-lactate I|g__Lactobacillus.s__Lactobacillus_jensenii	28.8383577411
PWY-5100: pyruvate fermentation to acetate and lactate II	8922.0945047446
PWY-5100: pyruvate fermentation to acetate and lactate II|g__Lactobacillus.s__Lactobacillus_iners	7948.9241689730
PWY-5100: pyruvate fermentation to acetate and lactate II|g__Lactobacillus.s__Lactobacillus_vaginalis	65.7214003592
PWY-5100: pyruvate fermentation to acetate and lactate II|unclassified	39.9697448554
PWY-5100: pyruvate fermentation to acetate and lactate II|g__Lactobacillus.s__Lactobacillus_jensenii	28.8383577411
PWY-5686: UMP biosynthesis I	8411.5862265278
PWY-5686: UMP biosynthesis I|g__Lactobacillus.s__Lactobacillus_iners	8191.2218287654
PWY-5686: UMP biosynthesis I|g__Lactobacillus.s__Lactobacillus_vaginalis	58.7018132307
PWY-7790: UMP biosynthesis II	8411.5862265278
PWY-7790: UMP biosynthesis II|g__Lactobacillus.s__Lactobacillus_iners	8191.2218287654
PWY-7790: UMP biosynthesis II|g__Lactobacillus.s__Lactobacillus_vaginalis	58.7018132307
PWY-7791: UMP biosynthesis III	8411.5862265278
PWY-7791: UMP biosynthesis III|g__Lactobacillus.s__Lactobacillus_iners	8191.2218287654
PWY-7791: UMP biosynthesis III|g__Lactobacillus.s__Lactobacillus_vaginalis	58.7018132307
UDPNAGSYN-PWY: UDP-N-acetyl-D-glucosamine biosynthesis I	8351.3854025811
UDPNAGSYN-PWY: UDP-N-acetyl-D-glucosamine biosynthesis I|g__Lactobacillus.s__Lactobacillus_iners	8204.1924721110
UDPNAGSYN-PWY: UDP-N-acetyl-D-glucosamine biosynthesis I|g__Lactobacillus.s__Lactobacillus_vaginalis	99.2328218917
UDPNAGSYN-PWY: UDP-N-acetyl-D-glucosamine biosynthesis I|unclassified	39.3880730004
TRNA-CHARGING-PWY: tRNA charging	7758.0053278578
TRNA-CHARGING-PWY: tRNA charging|g__Lactobacillus.s__Lactobacillus_iners	7615.0192535391
LACTOSECAT-PWY: lactose and galactose degradation I	7421.4137529701
LACTOSECAT-PWY: lactose and galactose degradation I|g__Lactobacillus.s__Lactobacillus_iners	7376.8759524366
LACTOSECAT-PWY: lactose and galactose degradation I|g__Lactobacillus.s__Lactobacillus_gasseri	9.4091156643
PWY-6386: UDP-N-acetylmuramoyl-pentapeptide biosynthesis II (lysine-containing)	6912.8221209919
PWY-6386: UDP-N-acetylmuramoyl-pentapeptide biosynthesis II (lysine-containing)|g__Lactobacillus.s__Lactobacillus_iners	6713.5889837009
PWY-6386: UDP-N-acetylmuramoyl-pentapeptide biosynthesis II (lysine-containing)|g__Lactobacillus.s__Lactobacillus_vaginalis	62.5128115151
PWY-6386: UDP-N-acetylmuramoyl-pentapeptide biosynthesis II (lysine-containing)|unclassified	47.9212195370
PWY-6387: UDP-N-acetylmuramoyl-pentapeptide biosynthesis I (meso-diaminopimelate containing)	6820.8983940698
PWY-6387: UDP-N-acetylmuramoyl-pentapeptide biosynthesis I (meso-diaminopimelate containing)|g__Lactobacillus.s__Lactobacillus_iners	6601.2739530568
PWY-6387: UDP-N-acetylmuramoyl-pentapeptide biosynthesis I (meso-diaminopimelate containing)|g__Lactobacillus.s__Lactobacillus_vaginalis	59.3154547662
PWY-6387: UDP-N-acetylmuramoyl-pentapeptide biosynthesis I (meso-diaminopimelate containing)|unclassified	48.4315870460
PWY-6147: 6-hydroxymethyl-dihydropterin diphosphate biosynthesis I	6663.5323665615
PWY-6147: 6-hydroxymethyl-dihydropterin diphosphate biosynthesis I|g__Lactobacillus.s__Lactobacillus_iners	6577.2290826216
PWY-6147: 6-hydroxymethyl-dihydropterin diphosphate biosynthesis I|unclassified	34.0389220626
PEPTIDOGLYCANSYN-PWY: peptidoglycan biosynthesis I (meso-diaminopimelate containing)	6527.6513318571
PEPTIDOGLYCANSYN-PWY: peptidoglycan biosynthesis I (meso-diaminopimelate containing)|g__Lactobacillus.s__Lactobacillus_iners	6337.9579735162
PEPTIDOGLYCANSYN-PWY: peptidoglycan biosynthesis I (meso-diaminopimelate containing)|g__Lactobacillus.s__Lactobacillus_vaginalis	56.8441640088
PWY-5667: CDP-diacylglycerol biosynthesis I	6361.7467894950
PWY-5667: CDP-diacylglycerol biosynthesis I|g__Lactobacillus.s__Lactobacillus_iners	6308.7108055881
PWY-5667: CDP-diacylglycerol biosynthesis I|unclassified	9.8139083417
PWY0-1319: CDP-diacylglycerol biosynthesis II	6361.7467894950
PWY0-1319: CDP-diacylglycerol biosynthesis II|g__Lactobacillus.s__Lactobacillus_iners	6308.7108055881
PWY0-1319: CDP-diacylglycerol biosynthesis II|unclassified	9.8139083417
COA-PWY: coenzyme A biosynthesis I (prokaryotic)	5617.2732826856
COA-PWY: coenzyme A biosynthesis I (prokaryotic)|g__Lactobacillus.s__Lactobacillus_iners	5516.3930413516
COA-PWY: coenzyme A biosynthesis I (prokaryotic)|unclassified	74.2570939418
COA-PWY: coenzyme A biosynthesis I (prokaryotic)|g__Lactobacillus.s__Lactobacillus_vaginalis	26.9909465510
COA-PWY: coenzyme A biosynthesis I (prokaryotic)|g__Lactobacillus.s__Lactobacillus_jensenii	21.1535319315
PWY-7851: coenzyme A biosynthesis II (eukaryotic)	5589.0960437907
PWY-7851: coenzyme A biosynthesis II (eukaryotic)|g__Lactobacillus.s__Lactobacillus_iners	5411.8730659411
PWY-7851: coenzyme A biosynthesis II (eukaryotic)|unclassified	74.2570939418
PWY-7851: coenzyme A biosynthesis II (eukaryotic)|g__Lactobacillus.s__Lactobacillus_jensenii	19.0749248560
PWY-922: mevalonate pathway I (eukaryotes and bacteria)	5443.7163216184
PWY-922: mevalonate pathway I (eukaryotes and bacteria)|g__Lactobacillus.s__Lactobacillus_iners	5353.2607060366
PWY-3841: folate transformations II (plants)	398.3074107192
PWY-3841: folate transformations II (plants)|g__Lactobacillus.s__Lactobacillus_vaginalis	40.6044655674
PWY-3841: folate transformations II (plants)|g__Lactobacillus.s__Lactobacillus_jensenii	21.8665691970
COA-PWY-1: superpathway of coenzyme A biosynthesis III (mammals)	341.4529635118
COA-PWY-1: superpathway of coenzyme A biosynthesis III (mammals)|unclassified	23.2647014233
COA-PWY-1: superpathway of coenzyme A biosynthesis III (mammals)|g__Lactobacillus.s__Lactobacillus_jensenii	21.6794147876
PWY-6317: D-galactose degradation I (Leloir pathway)	296.0288075096
PWY-6317: D-galactose degradation I (Leloir pathway)|g__Lactobacillus.s__Lactobacillus_vaginalis	85.2507454020
PWY-5384: sucrose degradation IV (sucrose phosphorylase)	265.0921332315
PWY-5384: sucrose degradation IV (sucrose phosphorylase)|g__Lactobacillus.s__Lactobacillus_vaginalis	102.0046746913
PWY-5384: sucrose degradation IV (sucrose phosphorylase)|unclassified	22.3729261095
PWY-5384: sucrose degradation IV (sucrose phosphorylase)|g__Lactobacillus.s__Lactobacillus_jensenii	20.5140180888
PWY-6151: S-adenosyl-L-methionine salvage I	215.1477319074
PWY-6151: S-adenosyl-L-methionine salvage I|g__Lactobacillus.s__Lactobacillus_vaginalis	70.6838222722
PWY-6151: S-adenosyl-L-methionine salvage I|unclassified	7.8290428680
PWY-6527: stachyose degradation	187.9261640418
PWY-6527: stachyose degradation|g__Lactobacillus.s__Lactobacillus_vaginalis	95.5720026775
PWY-6527: stachyose degradation|g__Lactobacillus.s__Lactobacillus_gasseri	9.8989396814
PWY-6124: inosine-5'-phosphate biosynthesis II	150.0405399468
PWY-6124: inosine-5'-phosphate biosynthesis II|g__Lactobacillus.s__Lactobacillus_vaginalis	100.4192815688
PWY-6123: inosine-5'-phosphate biosynthesis I	145.2192813839
PWY-6123: inosine-5'-phosphate biosynthesis I|g__Lactobacillus.s__Lactobacillus_vaginalis	93.6226304276
PWY-6123: inosine-5'-phosphate biosynthesis I|unclassified	32.6043391599
PWY-6121: 5-aminoimidazole ribonucleotide biosynthesis I	144.5726572949
PWY-6121: 5-aminoimidazole ribonucleotide biosynthesis I|g__Lactobacillus.s__Lactobacillus_vaginalis	118.4721236950
PWY-6121: 5-aminoimidazole ribonucleotide biosynthesis I|unclassified	10.3881886037
PWY-6122: 5-aminoimidazole ribonucleotide biosynthesis II	143.0700996587
PWY-6122: 5-aminoimidazole ribonucleotide biosynthesis II|g__Lactobacillus.s__Lactobacillus_vaginalis	114.4067667920
PWY-6122: 5-aminoimidazole ribonucleotide biosynthesis II|unclassified	9.9192254432
PWY-6277: superpathway of 5-aminoimidazole ribonucleotide biosynthesis	143.0700996587
PWY-6277: superpathway of 5-aminoimidazole ribonucleotide biosynthesis|g__Lactobacillus.s__Lactobacillus_vaginalis	114.4067667920
PWY-6277: superpathway of 5-aminoimidazole ribonucleotide biosynthesis|unclassified	9.9192254432
PWY4FS-7: phosphatidylglycerol biosynthesis I (plastidic)	134.9377142043
PWY4FS-8: phosphatidylglycerol biosynthesis II (non-plastidic)	134.9377142043
PWY-7234: inosine-5'-phosphate biosynthesis III	132.8243536208
PWY-6292: superpathway of L-cysteine biosynthesis (mammalian)	131.4785665820
PWY-8187: L-arginine degradation XIII (reductive Stickland reaction)	108.1252486698
PWY-8187: L-arginine degradation XIII (reductive Stickland reaction)|unclassified	10.8657718379
PWY-7229: superpathway of adenosine nucleotides de novo biosynthesis I	98.1874906847
GLYCOLYSIS: glycolysis I (from glucose 6-phosphate)	95.3602054992
PWY-702: L-methionine biosynthesis II	91.9116719739
PWY-702: L-methionine biosynthesis II|unclassified	16.8986792848
HSERMETANA-PWY: L-methionine biosynthesis III	89.7021248733
HSERMETANA-PWY: L-methionine biosynthesis III|g__Lactobacillus.s__Lactobacillus_vaginalis	84.4341830352
PWY-5981: CDP-diacylglycerol biosynthesis III	83.3668501317
PWY-7357: thiamine phosphate formation from pyrithiamine and oxythiamine (yeast)	77.9974361284
PWY-7357: thiamine phosphate formation from pyrithiamine and oxythiamine (yeast)|g__Lactobacillus.s__Lactobacillus_vaginalis	40.4137712954
PWY-7357: thiamine phosphate formation from pyrithiamine and oxythiamine (yeast)|unclassified	34.6526644800
PWY-7199: pyrimidine deoxyribonucleosides salvage	61.4212028829
PWY-7199: pyrimidine deoxyribonucleosides salvage|g__Lactobacillus.s__Lactobacillus_jensenii	17.4154842691
P161-PWY: acetylene degradation (anaerobic)	58.7440228782
P161-PWY: acetylene degradation (anaerobic)|g__Lactobacillus.s__Lactobacillus_jensenii	28.4548126626
PWY0-1477: ethanolamine utilization	58.7440228782
PWY0-1477: ethanolamine utilization|g__Lactobacillus.s__Lactobacillus_jensenii	28.4548126626
PWY-6126: superpathway of adenosine nucleotides de novo biosynthesis II	57.5055615648
ORNDEG-PWY: superpathway of ornithine degradation	55.1939356625
ASPASN-PWY: superpathway of L-aspartate and L-asparagine biosynthesis	49.9328930527
THRESYN-PWY: superpathway of L-threonine biosynthesis	44.9144285256
THRESYN-PWY: superpathway of L-threonine biosynthesis|unclassified	19.1893809200
PHOSLIPSYN-PWY: superpathway of phospholipid biosynthesis I (bacteria)	43.1629541448
PWY-841: superpathway of purine nucleotides de novo biosynthesis I	41.6548012033
PWY0-162: superpathway of pyrimidine ribonucleotides de novo biosynthesis	37.9236623817
PWY-1042: glycolysis IV	35.1570321616
PWY-7228: superpathway of guanosine nucleotides de novo biosynthesis I	32.9480364805
PWY-7221: guanosine ribonucleotides de novo biosynthesis	32.9401584656
PWY-7208: superpathway of pyrimidine nucleobases salvage	32.9374281811
PWY-7208: superpathway of pyrimidine nucleobases salvage|g__Lactobacillus.s__Lactobacillus_jensenii	20.0472359848
PWY-7220: adenosine deoxyribonucleotides de novo biosynthesis II	24.7336218561
PWY-7222: guanosine deoxyribonucleotides de novo biosynthesis II	24.7336218561
PWY-7197: pyrimidine deoxyribonucleotide phosphorylation	21.9793989682
PWY-7197: pyrimidine deoxyribonucleotide phosphorylation|g__Lactobacillus.s__Lactobacillus_jensenii	17.2586067485
CITRULBIO-PWY: L-citrulline biosynthesis	20.8677271392
PWY-6125: superpathway of guanosine nucleotides de novo biosynthesis II	18.2616660251
PWY-7184: pyrimidine deoxyribonucleotides de novo biosynthesis I	17.3653564214
PWY-7210: pyrimidine deoxyribonucleotides biosynthesis from CTP	17.2758323596
PANTO-PWY: phosphopantothenate biosynthesis I	17.1414197483
PWY-I9: L-cysteine biosynthesis VI (from L-methionine)	16.6712441859
PWY-7198: pyrimidine deoxyribonucleotides de novo biosynthesis IV	15.2971808306
GALACTITOLCAT-PWY: galactitol degradation	15.1342311712
ARGININE-SYN4-PWY: L-ornithine biosynthesis II	14.3159189124
PWY-821: superpathway of sulfur amino acid biosynthesis (Saccharomyces cerevisiae)	13.6503291581
SO4ASSIM-PWY: assimilatory sulfate reduction I	9.1878430231
PWY1ZNC-1: assimilatory sulfate reduction IV	7.5023991348