# Pathway	SRS014466_humann_Abundance
UNMAPPED	47566.8938562506
UNINTEGRATED	179340.6410212799
UNINTEGRATED|g__Lactobacillus.s__Lactobacillus_crispatus	181905.6443517219
UNINTEGRATED|g__Lactobacillus.s__Lactobacillus_jensenii	12609.7275704400
UNINTEGRATED|g__Lactobacillus.s__Lactobacillus_iners	11810.7139371313
PWY-5100: pyruvate fermentation to acetate and lactate II	401.3083159395
PWY-5100: pyruvate fermentation to acetate and lactate II|g__Lactobacillus.s__Lactobacillus_crispatus	335.0156277901
PWY-5100: pyruvate fermentation to acetate and lactate II|g__Lactobacillus.s__Lactobacillus_iners	40.2368486241
PWY-5100: pyruvate fermentation to acetate and lactate II|g__Lactobacillus.s__Lactobacillus_jensenii	15.6593618577
P41-PWY: pyruvate fermentation to acetate and (S)-lactate I	401.3083159395
P41-PWY: pyruvate fermentation to acetate and (S)-lactate I|g__Lactobacillus.s__Lactobacillus_crispatus	335.0156277901
P41-PWY: pyruvate fermentation to acetate and (S)-lactate I|g__Lactobacillus.s__Lactobacillus_iners	40.2368486241
P41-PWY: pyruvate fermentation to acetate and (S)-lactate I|g__Lactobacillus.s__Lactobacillus_jensenii	15.6593618577
PWY66-429: fatty acid biosynthesis initiation (mitochondria)	304.1386179214
PWY66-429: fatty acid biosynthesis initiation (mitochondria)|g__Lactobacillus.s__Lactobacillus_crispatus	304.1386179214
TRNA-CHARGING-PWY: tRNA charging	289.1596049892
TRNA-CHARGING-PWY: tRNA charging|g__Lactobacillus.s__Lactobacillus_crispatus	226.1143974543
TRNA-CHARGING-PWY: tRNA charging|g__Lactobacillus.s__Lactobacillus_iners	46.4079738766
UDPNAGSYN-PWY: UDP-N-acetyl-D-glucosamine biosynthesis I	282.0359139937
UDPNAGSYN-PWY: UDP-N-acetyl-D-glucosamine biosynthesis I|g__Lactobacillus.s__Lactobacillus_crispatus	220.9711328545
UDPNAGSYN-PWY: UDP-N-acetyl-D-glucosamine biosynthesis I|g__Lactobacillus.s__Lactobacillus_iners	40.6580693262
UDPNAGSYN-PWY: UDP-N-acetyl-D-glucosamine biosynthesis I|g__Lactobacillus.s__Lactobacillus_jensenii	10.2098565737
PWY-6151: S-adenosyl-L-methionine salvage I	270.4315660702
PWY-6151: S-adenosyl-L-methionine salvage I|g__Lactobacillus.s__Lactobacillus_crispatus	254.5452455800
PWY-6386: UDP-N-acetylmuramoyl-pentapeptide biosynthesis II (lysine-containing)	267.0721084365
PWY-6386: UDP-N-acetylmuramoyl-pentapeptide biosynthesis II (lysine-containing)|g__Lactobacillus.s__Lactobacillus_crispatus	204.0252895919
PWY-6386: UDP-N-acetylmuramoyl-pentapeptide biosynthesis II (lysine-containing)|g__Lactobacillus.s__Lactobacillus_iners	46.6044703717
PWY-7221: guanosine ribonucleotides de novo biosynthesis	263.5762344238
PWY-7221: guanosine ribonucleotides de novo biosynthesis|g__Lactobacillus.s__Lactobacillus_crispatus	202.7288218703
COA-PWY-1: superpathway of coenzyme A biosynthesis III (mammals)	259.7084586648
COA-PWY-1: superpathway of coenzyme A biosynthesis III (mammals)|g__Lactobacillus.s__Lactobacillus_crispatus	215.3383514235
COA-PWY-1: superpathway of coenzyme A biosynthesis III (mammals)|g__Lactobacillus.s__Lactobacillus_jensenii	13.9998015959
PWY-6387: UDP-N-acetylmuramoyl-pentapeptide biosynthesis I (meso-diaminopimelate containing)	246.1171636820
PWY-6387: UDP-N-acetylmuramoyl-pentapeptide biosynthesis I (meso-diaminopimelate containing)|g__Lactobacillus.s__Lactobacillus_crispatus	191.3881580962
PWY-6387: UDP-N-acetylmuramoyl-pentapeptide biosynthesis I (meso-diaminopimelate containing)|g__Lactobacillus.s__Lactobacillus_iners	43.3525509373
PWY-5686: UMP biosynthesis I	241.6534993629
PWY-5686: UMP biosynthesis I|g__Lactobacillus.s__Lactobacillus_crispatus	191.5959708244
PWY-5686: UMP biosynthesis I|g__Lactobacillus.s__Lactobacillus_iners	46.4607007196
PWY-7790: UMP biosynthesis II	241.6534993629
PWY-7790: UMP biosynthesis II|g__Lactobacillus.s__Lactobacillus_crispatus	191.5959708244
PWY-7790: UMP biosynthesis II|g__Lactobacillus.s__Lactobacillus_iners	47.4962863611
PWY-7791: UMP biosynthesis III	241.6534993629
PWY-7791: UMP biosynthesis III|g__Lactobacillus.s__Lactobacillus_crispatus	191.5959708244
PWY-7791: UMP biosynthesis III|g__Lactobacillus.s__Lactobacillus_iners	46.4607007196
COA-PWY: coenzyme A biosynthesis I (prokaryotic)	233.9354994005
COA-PWY: coenzyme A biosynthesis I (prokaryotic)|g__Lactobacillus.s__Lactobacillus_crispatus	190.5190659697
COA-PWY: coenzyme A biosynthesis I (prokaryotic)|g__Lactobacillus.s__Lactobacillus_iners	26.7977848753
COA-PWY: coenzyme A biosynthesis I (prokaryotic)|g__Lactobacillus.s__Lactobacillus_jensenii	14.0223872576
PWY-7851: coenzyme A biosynthesis II (eukaryotic)	233.9354994005
PWY-7851: coenzyme A biosynthesis II (eukaryotic)|g__Lactobacillus.s__Lactobacillus_crispatus	190.5190659697
PWY-7851: coenzyme A biosynthesis II (eukaryotic)|g__Lactobacillus.s__Lactobacillus_iners	26.7977848753
PWY-7851: coenzyme A biosynthesis II (eukaryotic)|g__Lactobacillus.s__Lactobacillus_jensenii	13.8367108391
PEPTIDOGLYCANSYN-PWY: peptidoglycan biosynthesis I (meso-diaminopimelate containing)	233.1763941189
PEPTIDOGLYCANSYN-PWY: peptidoglycan biosynthesis I (meso-diaminopimelate containing)|g__Lactobacillus.s__Lactobacillus_crispatus	178.9448926378
PEPTIDOGLYCANSYN-PWY: peptidoglycan biosynthesis I (meso-diaminopimelate containing)|g__Lactobacillus.s__Lactobacillus_iners	42.1618860633
GLCMANNANAUT-PWY: superpathway of N-acetylglucosamine, N-acetylmannosamine and N-acetylneuraminate degradation	225.9870974959
GLCMANNANAUT-PWY: superpathway of N-acetylglucosamine, N-acetylmannosamine and N-acetylneuraminate degradation|g__Lactobacillus.s__Lactobacillus_crispatus	215.4770253155
GLYCOLYSIS: glycolysis I (from glucose 6-phosphate)	218.7760411100
PWY-3841: folate transformations II (plants)	197.1330552006
PWY-3841: folate transformations II (plants)|g__Lactobacillus.s__Lactobacillus_crispatus	157.2153304397
PWY-2942: L-lysine biosynthesis III	185.1087243516
PWY-2942: L-lysine biosynthesis III|g__Lactobacillus.s__Lactobacillus_crispatus	185.1087243516
PWY-5097: L-lysine biosynthesis VI	176.8822141677
PWY-5097: L-lysine biosynthesis VI|g__Lactobacillus.s__Lactobacillus_crispatus	176.8822141677
PWY-2941: L-lysine biosynthesis II	175.7464651480
PWY-2941: L-lysine biosynthesis II|g__Lactobacillus.s__Lactobacillus_crispatus	175.7464651480
PWY-724: superpathway of L-lysine, L-threonine and L-methionine biosynthesis II	167.8360677272
PWY-724: superpathway of L-lysine, L-threonine and L-methionine biosynthesis II|g__Lactobacillus.s__Lactobacillus_crispatus	167.8360677272
THRESYN-PWY: superpathway of L-threonine biosynthesis	166.8491890484
THRESYN-PWY: superpathway of L-threonine biosynthesis|g__Lactobacillus.s__Lactobacillus_crispatus	166.8491890484
P161-PWY: acetylene degradation (anaerobic)	152.2825382369
P161-PWY: acetylene degradation (anaerobic)|g__Lactobacillus.s__Lactobacillus_crispatus	69.2315631530
PWY0-1477: ethanolamine utilization	152.2825382369
PWY0-1477: ethanolamine utilization|g__Lactobacillus.s__Lactobacillus_crispatus	69.2315631530
PWY-1042: glycolysis IV	136.1422060891
PWY-6317: D-galactose degradation I (Leloir pathway)	102.1164735299
PWY-7229: superpathway of adenosine nucleotides de novo biosynthesis I	86.1060956271
LACTOSECAT-PWY: lactose and galactose degradation I	77.6258316698
LACTOSECAT-PWY: lactose and galactose degradation I|g__Lactobacillus.s__Lactobacillus_iners	38.7478340580
PWY-5973: cis-vaccenate biosynthesis	58.3194122066
PWY-6126: superpathway of adenosine nucleotides de novo biosynthesis II	54.8239268123
PWY-5367: petroselinate biosynthesis	48.2650209488
PWY-7228: superpathway of guanosine nucleotides de novo biosynthesis I	47.0014858881
PWY-7210: pyrimidine deoxyribonucleotides biosynthesis from CTP	40.8821176160
PWY-6125: superpathway of guanosine nucleotides de novo biosynthesis II	37.7042346790
PWY-7198: pyrimidine deoxyribonucleotides de novo biosynthesis IV	37.5816335625
PWY-7184: pyrimidine deoxyribonucleotides de novo biosynthesis I	36.6893142620
PWY-922: mevalonate pathway I (eukaryotes and bacteria)	36.0085505613
PWY-922: mevalonate pathway I (eukaryotes and bacteria)|g__Lactobacillus.s__Lactobacillus_iners	29.0565425844
PWY-7663: gondoate biosynthesis (anaerobic)	34.4180978517
PWY-7208: superpathway of pyrimidine nucleobases salvage	33.1607488839
PWY-5384: sucrose degradation IV (sucrose phosphorylase)	27.9616195500
PWY-7220: adenosine deoxyribonucleotides de novo biosynthesis II	25.6318604833
PWY-7222: guanosine deoxyribonucleotides de novo biosynthesis II	25.6318604833
PWY-7197: pyrimidine deoxyribonucleotide phosphorylation	22.5268817274
PWY-6147: 6-hydroxymethyl-dihydropterin diphosphate biosynthesis I	22.3945157387
PWY-6147: 6-hydroxymethyl-dihydropterin diphosphate biosynthesis I|g__Lactobacillus.s__Lactobacillus_iners	22.3945157387
PWY-5667: CDP-diacylglycerol biosynthesis I	21.9195929484
PWY-5667: CDP-diacylglycerol biosynthesis I|g__Lactobacillus.s__Lactobacillus_iners	17.0137645193
PWY0-1319: CDP-diacylglycerol biosynthesis II	21.9195929484
PWY0-1319: CDP-diacylglycerol biosynthesis II|g__Lactobacillus.s__Lactobacillus_iners	17.0137645193
PWY-5981: CDP-diacylglycerol biosynthesis III	21.7086521156
PWY4FS-7: phosphatidylglycerol biosynthesis I (plastidic)	17.1757175156
PWY4FS-8: phosphatidylglycerol biosynthesis II (non-plastidic)	17.1757175156