# Pathway	SRS014343_humann_Coverage
UNMAPPED	1.0000000000
UNINTEGRATED	1.0000000000
UNINTEGRATED|g__Lactobacillus.s__Lactobacillus_gasseri	1.0000000000
UNINTEGRATED|g__Lactobacillus.s__Lactobacillus_iners	1.0000000000
UNINTEGRATED|g__Lactobacillus.s__Lactobacillus_jensenii	1.0000000000
UNINTEGRATED|g__Lactobacillus.s__Lactobacillus_vaginalis	1.0000000000
UNINTEGRATED|unclassified	1.0000000000
P41-PWY: pyruvate fermentation to acetate and (S)-lactate I	1.0000000000
P41-PWY: pyruvate fermentation to acetate and (S)-lactate I|g__Lactobacillus.s__Lactobacillus_iners	0.6687632642
P41-PWY: pyruvate fermentation to acetate and (S)-lactate I|g__Lactobacillus.s__Lactobacillus_vaginalis	0.0016411957
P41-PWY: pyruvate fermentation to acetate and (S)-lactate I|unclassified	0.2440755727
P41-PWY: pyruvate fermentation to acetate and (S)-lactate I|g__Lactobacillus.s__Lactobacillus_jensenii	0.5927745374
PWY-5100: pyruvate fermentation to acetate and lactate II	1.0000000000
PWY-5100: pyruvate fermentation to acetate and lactate II|g__Lactobacillus.s__Lactobacillus_iners	0.6687632642
PWY-5100: pyruvate fermentation to acetate and lactate II|g__Lactobacillus.s__Lactobacillus_vaginalis	0.0016411957
PWY-5100: pyruvate fermentation to acetate and lactate II|unclassified	0.2440755727
PWY-5100: pyruvate fermentation to acetate and lactate II|g__Lactobacillus.s__Lactobacillus_jensenii	0.5927745374
PWY-5686: UMP biosynthesis I	1.0000000000
PWY-5686: UMP biosynthesis I|g__Lactobacillus.s__Lactobacillus_iners	0.7815303044
PWY-5686: UMP biosynthesis I|g__Lactobacillus.s__Lactobacillus_vaginalis	0.0010896095
PWY-7790: UMP biosynthesis II	1.0000000000
PWY-7790: UMP biosynthesis II|g__Lactobacillus.s__Lactobacillus_iners	0.7815303044
PWY-7790: UMP biosynthesis II|g__Lactobacillus.s__Lactobacillus_vaginalis	0.0010896095
PWY-7791: UMP biosynthesis III	1.0000000000
PWY-7791: UMP biosynthesis III|g__Lactobacillus.s__Lactobacillus_iners	0.7815303044
PWY-7791: UMP biosynthesis III|g__Lactobacillus.s__Lactobacillus_vaginalis	0.0010896095
UDPNAGSYN-PWY: UDP-N-acetyl-D-glucosamine biosynthesis I	1.0000000000
UDPNAGSYN-PWY: UDP-N-acetyl-D-glucosamine biosynthesis I|g__Lactobacillus.s__Lactobacillus_iners	0.9999999963
UDPNAGSYN-PWY: UDP-N-acetyl-D-glucosamine biosynthesis I|g__Lactobacillus.s__Lactobacillus_vaginalis	0.8473825001
UDPNAGSYN-PWY: UDP-N-acetyl-D-glucosamine biosynthesis I|unclassified	0.6735915445
TRNA-CHARGING-PWY: tRNA charging	0.9992631160
TRNA-CHARGING-PWY: tRNA charging|g__Lactobacillus.s__Lactobacillus_iners	0.0000000000
LACTOSECAT-PWY: lactose and galactose degradation I	0.9999999939
LACTOSECAT-PWY: lactose and galactose degradation I|g__Lactobacillus.s__Lactobacillus_iners	0.0000000001
LACTOSECAT-PWY: lactose and galactose degradation I|g__Lactobacillus.s__Lactobacillus_gasseri	0.2119711791
PWY-6386: UDP-N-acetylmuramoyl-pentapeptide biosynthesis II (lysine-containing)	1.0000000000
PWY-6386: UDP-N-acetylmuramoyl-pentapeptide biosynthesis II (lysine-containing)|g__Lactobacillus.s__Lactobacillus_iners	0.0002802845
PWY-6386: UDP-N-acetylmuramoyl-pentapeptide biosynthesis II (lysine-containing)|g__Lactobacillus.s__Lactobacillus_vaginalis	0.0019556264
PWY-6386: UDP-N-acetylmuramoyl-pentapeptide biosynthesis II (lysine-containing)|unclassified	0.7418268312
PWY-6387: UDP-N-acetylmuramoyl-pentapeptide biosynthesis I (meso-diaminopimelate containing)	1.0000000000
PWY-6387: UDP-N-acetylmuramoyl-pentapeptide biosynthesis I (meso-diaminopimelate containing)|g__Lactobacillus.s__Lactobacillus_iners	0.0001066088
PWY-6387: UDP-N-acetylmuramoyl-pentapeptide biosynthesis I (meso-diaminopimelate containing)|g__Lactobacillus.s__Lactobacillus_vaginalis	0.0011765397
PWY-6387: UDP-N-acetylmuramoyl-pentapeptide biosynthesis I (meso-diaminopimelate containing)|unclassified	0.7355316933
PWY-6147: 6-hydroxymethyl-dihydropterin diphosphate biosynthesis I	1.0000000000
PWY-6147: 6-hydroxymethyl-dihydropterin diphosphate biosynthesis I|g__Lactobacillus.s__Lactobacillus_iners	0.3539443749
PWY-6147: 6-hydroxymethyl-dihydropterin diphosphate biosynthesis I|unclassified	0.0964364289
PEPTIDOGLYCANSYN-PWY: peptidoglycan biosynthesis I (meso-diaminopimelate containing)	0.9999977382
PEPTIDOGLYCANSYN-PWY: peptidoglycan biosynthesis I (meso-diaminopimelate containing)|g__Lactobacillus.s__Lactobacillus_iners	0.0000000000
PEPTIDOGLYCANSYN-PWY: peptidoglycan biosynthesis I (meso-diaminopimelate containing)|g__Lactobacillus.s__Lactobacillus_vaginalis	0.0003857231
PWY-5667: CDP-diacylglycerol biosynthesis I	1.0000000000
PWY-5667: CDP-diacylglycerol biosynthesis I|g__Lactobacillus.s__Lactobacillus_iners	0.0011896056
PWY-5667: CDP-diacylglycerol biosynthesis I|unclassified	0.0000132940
PWY0-1319: CDP-diacylglycerol biosynthesis II	1.0000000000
PWY0-1319: CDP-diacylglycerol biosynthesis II|g__Lactobacillus.s__Lactobacillus_iners	0.0011896056
PWY0-1319: CDP-diacylglycerol biosynthesis II|unclassified	0.0000132940
COA-PWY: coenzyme A biosynthesis I (prokaryotic)	0.9999074113
COA-PWY: coenzyme A biosynthesis I (prokaryotic)|g__Lactobacillus.s__Lactobacillus_iners	0.0000000000
COA-PWY: coenzyme A biosynthesis I (prokaryotic)|unclassified	0.9974921187
COA-PWY: coenzyme A biosynthesis I (prokaryotic)|g__Lactobacillus.s__Lactobacillus_vaginalis	0.0000000000
COA-PWY: coenzyme A biosynthesis I (prokaryotic)|g__Lactobacillus.s__Lactobacillus_jensenii	0.2518278738
PWY-7851: coenzyme A biosynthesis II (eukaryotic)	0.9995742531
PWY-7851: coenzyme A biosynthesis II (eukaryotic)|g__Lactobacillus.s__Lactobacillus_iners	0.0000000000
PWY-7851: coenzyme A biosynthesis II (eukaryotic)|unclassified	0.9974921187
PWY-7851: coenzyme A biosynthesis II (eukaryotic)|g__Lactobacillus.s__Lactobacillus_jensenii	0.1370304964
PWY-922: mevalonate pathway I (eukaryotes and bacteria)	0.0637355507
PWY-922: mevalonate pathway I (eukaryotes and bacteria)|g__Lactobacillus.s__Lactobacillus_iners	0.0000000000
PWY-3841: folate transformations II (plants)	0.0000000000
PWY-3841: folate transformations II (plants)|g__Lactobacillus.s__Lactobacillus_vaginalis	0.0000000018
PWY-3841: folate transformations II (plants)|g__Lactobacillus.s__Lactobacillus_jensenii	0.1841879716
COA-PWY-1: superpathway of coenzyme A biosynthesis III (mammals)	0.0000000000
COA-PWY-1: superpathway of coenzyme A biosynthesis III (mammals)|unclassified	0.0004050278
COA-PWY-1: superpathway of coenzyme A biosynthesis III (mammals)|g__Lactobacillus.s__Lactobacillus_jensenii	0.1655792483
PWY-6317: D-galactose degradation I (Leloir pathway)	0.0000000000
PWY-6317: D-galactose degradation I (Leloir pathway)|g__Lactobacillus.s__Lactobacillus_vaginalis	0.0153647996
PWY-5384: sucrose degradation IV (sucrose phosphorylase)	0.0000000000
PWY-5384: sucrose degradation IV (sucrose phosphorylase)|g__Lactobacillus.s__Lactobacillus_vaginalis	0.8333818519
PWY-5384: sucrose degradation IV (sucrose phosphorylase)|unclassified	0.0000016138
PWY-5384: sucrose degradation IV (sucrose phosphorylase)|g__Lactobacillus.s__Lactobacillus_jensenii	0.0400862805
PWY-6151: S-adenosyl-L-methionine salvage I	0.0000000000
PWY-6151: S-adenosyl-L-methionine salvage I|g__Lactobacillus.s__Lactobacillus_vaginalis	0.0845276468
PWY-6151: S-adenosyl-L-methionine salvage I|unclassified	0.0000002956
PWY-6527: stachyose degradation	0.0000000000
PWY-6527: stachyose degradation|g__Lactobacillus.s__Lactobacillus_vaginalis	0.6009591521
PWY-6527: stachyose degradation|g__Lactobacillus.s__Lactobacillus_gasseri	0.3448034677
PWY-6124: inosine-5'-phosphate biosynthesis II	0.0000000000
PWY-6124: inosine-5'-phosphate biosynthesis II|g__Lactobacillus.s__Lactobacillus_vaginalis	0.7027922224
PWY-6123: inosine-5'-phosphate biosynthesis I	0.0000000000
PWY-6123: inosine-5'-phosphate biosynthesis I|g__Lactobacillus.s__Lactobacillus_vaginalis	0.5305440657
PWY-6123: inosine-5'-phosphate biosynthesis I|unclassified	0.2232039052
PWY-6121: 5-aminoimidazole ribonucleotide biosynthesis I	0.0000000000
PWY-6121: 5-aminoimidazole ribonucleotide biosynthesis I|g__Lactobacillus.s__Lactobacillus_vaginalis	0.7775407085
PWY-6121: 5-aminoimidazole ribonucleotide biosynthesis I|unclassified	0.0000001228
PWY-6122: 5-aminoimidazole ribonucleotide biosynthesis II	0.0000000000
PWY-6122: 5-aminoimidazole ribonucleotide biosynthesis II|g__Lactobacillus.s__Lactobacillus_vaginalis	0.7365924140
PWY-6122: 5-aminoimidazole ribonucleotide biosynthesis II|unclassified	0.0000000982
PWY-6277: superpathway of 5-aminoimidazole ribonucleotide biosynthesis	0.0000000000
PWY-6277: superpathway of 5-aminoimidazole ribonucleotide biosynthesis|g__Lactobacillus.s__Lactobacillus_vaginalis	0.7365924140
PWY-6277: superpathway of 5-aminoimidazole ribonucleotide biosynthesis|unclassified	0.0000000982
PWY4FS-7: phosphatidylglycerol biosynthesis I (plastidic)	0.0000000000
PWY4FS-8: phosphatidylglycerol biosynthesis II (non-plastidic)	0.0000000000
PWY-7234: inosine-5'-phosphate biosynthesis III	0.0000000000
PWY-6292: superpathway of L-cysteine biosynthesis (mammalian)	0.0000000000
PWY-8187: L-arginine degradation XIII (reductive Stickland reaction)	0.0000000000
PWY-8187: L-arginine degradation XIII (reductive Stickland reaction)|unclassified	0.0000045314
PWY-7229: superpathway of adenosine nucleotides de novo biosynthesis I	0.0000000000
GLYCOLYSIS: glycolysis I (from glucose 6-phosphate)	0.0000000000
PWY-702: L-methionine biosynthesis II	0.0000000000
PWY-702: L-methionine biosynthesis II|unclassified	0.0000005703
HSERMETANA-PWY: L-methionine biosynthesis III	0.0000000000
HSERMETANA-PWY: L-methionine biosynthesis III|g__Lactobacillus.s__Lactobacillus_vaginalis	0.5470179525
PWY-5981: CDP-diacylglycerol biosynthesis III	0.0000000000
PWY-7357: thiamine phosphate formation from pyrithiamine and oxythiamine (yeast)	0.0000000000
PWY-7357: thiamine phosphate formation from pyrithiamine and oxythiamine (yeast)|g__Lactobacillus.s__Lactobacillus_vaginalis	0.0000036792
PWY-7357: thiamine phosphate formation from pyrithiamine and oxythiamine (yeast)|unclassified	0.5247497129
PWY-7199: pyrimidine deoxyribonucleosides salvage	0.0000000000
PWY-7199: pyrimidine deoxyribonucleosides salvage|g__Lactobacillus.s__Lactobacillus_jensenii	0.0068268180
P161-PWY: acetylene degradation (anaerobic)	0.0000000000
P161-PWY: acetylene degradation (anaerobic)|g__Lactobacillus.s__Lactobacillus_jensenii	0.5870528987
PWY0-1477: ethanolamine utilization	0.0000000000
PWY0-1477: ethanolamine utilization|g__Lactobacillus.s__Lactobacillus_jensenii	0.5870528987
PWY-6126: superpathway of adenosine nucleotides de novo biosynthesis II	0.0000000000
ORNDEG-PWY: superpathway of ornithine degradation	0.0000000000
ASPASN-PWY: superpathway of L-aspartate and L-asparagine biosynthesis	0.0000000000
THRESYN-PWY: superpathway of L-threonine biosynthesis	0.0000000000
THRESYN-PWY: superpathway of L-threonine biosynthesis|unclassified	0.0006229603
PHOSLIPSYN-PWY: superpathway of phospholipid biosynthesis I (bacteria)	0.0000000000
PWY-841: superpathway of purine nucleotides de novo biosynthesis I	0.0000000000
PWY0-162: superpathway of pyrimidine ribonucleotides de novo biosynthesis	0.0000000000
PWY-1042: glycolysis IV	0.0000000000
PWY-7228: superpathway of guanosine nucleotides de novo biosynthesis I	0.0000000000
PWY-7221: guanosine ribonucleotides de novo biosynthesis	0.0000000000
PWY-7208: superpathway of pyrimidine nucleobases salvage	0.0000000000
PWY-7208: superpathway of pyrimidine nucleobases salvage|g__Lactobacillus.s__Lactobacillus_jensenii	0.1211022400
PWY-7220: adenosine deoxyribonucleotides de novo biosynthesis II	0.0000000000
PWY-7222: guanosine deoxyribonucleotides de novo biosynthesis II	0.0000000000
PWY-7197: pyrimidine deoxyribonucleotide phosphorylation	0.0000000000
PWY-7197: pyrimidine deoxyribonucleotide phosphorylation|g__Lactobacillus.s__Lactobacillus_jensenii	0.0836532927
CITRULBIO-PWY: L-citrulline biosynthesis	0.0000000000
PWY-6125: superpathway of guanosine nucleotides de novo biosynthesis II	0.0000000000
PWY-7184: pyrimidine deoxyribonucleotides de novo biosynthesis I	0.0000000000
PWY-7210: pyrimidine deoxyribonucleotides biosynthesis from CTP	0.0000000000
PANTO-PWY: phosphopantothenate biosynthesis I	0.0000000000
PWY-I9: L-cysteine biosynthesis VI (from L-methionine)	0.0000000000
PWY-7198: pyrimidine deoxyribonucleotides de novo biosynthesis IV	0.0000000000
GALACTITOLCAT-PWY: galactitol degradation	0.0000000000
ARGININE-SYN4-PWY: L-ornithine biosynthesis II	0.0000000000
PWY-821: superpathway of sulfur amino acid biosynthesis (Saccharomyces cerevisiae)	0.0000000000
SO4ASSIM-PWY: assimilatory sulfate reduction I	0.0000000000
PWY1ZNC-1: assimilatory sulfate reduction IV	0.0000000000