# Pathway	SRS015072_humann_Abundance
UNMAPPED	84627.1146737887
UNINTEGRATED	221996.7007584925
UNINTEGRATED|g__Lactobacillus.s__Lactobacillus_crispatus	193209.0469870297
UNINTEGRATED|g__Lactobacillus.s__Lactobacillus_iners	38391.0362926907
UDPNAGSYN-PWY: UDP-N-acetyl-D-glucosamine biosynthesis I	412.1364852798
UDPNAGSYN-PWY: UDP-N-acetyl-D-glucosamine biosynthesis I|g__Lactobacillus.s__Lactobacillus_crispatus	234.0491090039
UDPNAGSYN-PWY: UDP-N-acetyl-D-glucosamine biosynthesis I|g__Lactobacillus.s__Lactobacillus_iners	139.3063040815
PWY-5100: pyruvate fermentation to acetate and lactate II	392.4443297907
PWY-5100: pyruvate fermentation to acetate and lactate II|g__Lactobacillus.s__Lactobacillus_crispatus	257.7077765345
PWY-5100: pyruvate fermentation to acetate and lactate II|g__Lactobacillus.s__Lactobacillus_iners	120.0228303790
P41-PWY: pyruvate fermentation to acetate and (S)-lactate I	392.4443297907
P41-PWY: pyruvate fermentation to acetate and (S)-lactate I|g__Lactobacillus.s__Lactobacillus_crispatus	257.7077765345
P41-PWY: pyruvate fermentation to acetate and (S)-lactate I|g__Lactobacillus.s__Lactobacillus_iners	120.0228303790
TRNA-CHARGING-PWY: tRNA charging	338.6042809605
TRNA-CHARGING-PWY: tRNA charging|g__Lactobacillus.s__Lactobacillus_crispatus	207.9635260905
TRNA-CHARGING-PWY: tRNA charging|g__Lactobacillus.s__Lactobacillus_iners	122.3422499789
PWY66-429: fatty acid biosynthesis initiation (mitochondria)	336.1178234593
PWY66-429: fatty acid biosynthesis initiation (mitochondria)|g__Lactobacillus.s__Lactobacillus_crispatus	322.4329327512
PWY-5686: UMP biosynthesis I	331.7228747208
PWY-5686: UMP biosynthesis I|g__Lactobacillus.s__Lactobacillus_crispatus	182.8050700352
PWY-5686: UMP biosynthesis I|g__Lactobacillus.s__Lactobacillus_iners	139.0722153857
PWY-7790: UMP biosynthesis II	331.7228747208
PWY-7790: UMP biosynthesis II|g__Lactobacillus.s__Lactobacillus_crispatus	182.8050700352
PWY-7790: UMP biosynthesis II|g__Lactobacillus.s__Lactobacillus_iners	139.0722153857
PWY-7791: UMP biosynthesis III	331.7228747208
PWY-7791: UMP biosynthesis III|g__Lactobacillus.s__Lactobacillus_crispatus	182.8050700352
PWY-7791: UMP biosynthesis III|g__Lactobacillus.s__Lactobacillus_iners	139.0722153857
COA-PWY-1: superpathway of coenzyme A biosynthesis III (mammals)	303.5886395728
COA-PWY-1: superpathway of coenzyme A biosynthesis III (mammals)|g__Lactobacillus.s__Lactobacillus_crispatus	221.9641598184
PWY-6386: UDP-N-acetylmuramoyl-pentapeptide biosynthesis II (lysine-containing)	292.9445980050
PWY-6386: UDP-N-acetylmuramoyl-pentapeptide biosynthesis II (lysine-containing)|g__Lactobacillus.s__Lactobacillus_crispatus	185.7921130009
PWY-6386: UDP-N-acetylmuramoyl-pentapeptide biosynthesis II (lysine-containing)|g__Lactobacillus.s__Lactobacillus_iners	98.0022156612
PWY-7221: guanosine ribonucleotides de novo biosynthesis	292.7876993777
PWY-7221: guanosine ribonucleotides de novo biosynthesis|g__Lactobacillus.s__Lactobacillus_crispatus	175.2172856459
PEPTIDOGLYCANSYN-PWY: peptidoglycan biosynthesis I (meso-diaminopimelate containing)	292.1733331441
PEPTIDOGLYCANSYN-PWY: peptidoglycan biosynthesis I (meso-diaminopimelate containing)|g__Lactobacillus.s__Lactobacillus_crispatus	183.4813502240
PEPTIDOGLYCANSYN-PWY: peptidoglycan biosynthesis I (meso-diaminopimelate containing)|g__Lactobacillus.s__Lactobacillus_iners	96.1899232122
PWY-6387: UDP-N-acetylmuramoyl-pentapeptide biosynthesis I (meso-diaminopimelate containing)	290.4256829473
PWY-6387: UDP-N-acetylmuramoyl-pentapeptide biosynthesis I (meso-diaminopimelate containing)|g__Lactobacillus.s__Lactobacillus_crispatus	180.8680253857
PWY-6387: UDP-N-acetylmuramoyl-pentapeptide biosynthesis I (meso-diaminopimelate containing)|g__Lactobacillus.s__Lactobacillus_iners	95.3995542228
COA-PWY: coenzyme A biosynthesis I (prokaryotic)	286.3628480639
COA-PWY: coenzyme A biosynthesis I (prokaryotic)|g__Lactobacillus.s__Lactobacillus_crispatus	200.5852301726
COA-PWY: coenzyme A biosynthesis I (prokaryotic)|g__Lactobacillus.s__Lactobacillus_iners	77.5057323187
PWY-7851: coenzyme A biosynthesis II (eukaryotic)	286.3628480639
PWY-7851: coenzyme A biosynthesis II (eukaryotic)|g__Lactobacillus.s__Lactobacillus_crispatus	200.5852301726
PWY-7851: coenzyme A biosynthesis II (eukaryotic)|g__Lactobacillus.s__Lactobacillus_iners	76.2466862205
PWY-3841: folate transformations II (plants)	268.1334018694
PWY-3841: folate transformations II (plants)|g__Lactobacillus.s__Lactobacillus_crispatus	170.7647360482
PWY-6151: S-adenosyl-L-methionine salvage I	266.5945597283
PWY-6151: S-adenosyl-L-methionine salvage I|g__Lactobacillus.s__Lactobacillus_crispatus	239.3644662474
GLCMANNANAUT-PWY: superpathway of N-acetylglucosamine, N-acetylmannosamine and N-acetylneuraminate degradation	246.3156630280
GLCMANNANAUT-PWY: superpathway of N-acetylglucosamine, N-acetylmannosamine and N-acetylneuraminate degradation|g__Lactobacillus.s__Lactobacillus_crispatus	225.9329088489
GLYCOLYSIS: glycolysis I (from glucose 6-phosphate)	223.3856718362
PWY-6317: D-galactose degradation I (Leloir pathway)	173.4884498788
PWY-5097: L-lysine biosynthesis VI	168.4429809849
PWY-5097: L-lysine biosynthesis VI|g__Lactobacillus.s__Lactobacillus_crispatus	166.5693290632
PWY-2942: L-lysine biosynthesis III	167.4118985214
PWY-2942: L-lysine biosynthesis III|g__Lactobacillus.s__Lactobacillus_crispatus	165.2564753142
PWY-2941: L-lysine biosynthesis II	166.5020055095
PWY-2941: L-lysine biosynthesis II|g__Lactobacillus.s__Lactobacillus_crispatus	164.8977146232
LACTOSECAT-PWY: lactose and galactose degradation I	164.5691993657
LACTOSECAT-PWY: lactose and galactose degradation I|g__Lactobacillus.s__Lactobacillus_iners	124.9353820058
PWY-724: superpathway of L-lysine, L-threonine and L-methionine biosynthesis II	159.2097734229
PWY-724: superpathway of L-lysine, L-threonine and L-methionine biosynthesis II|g__Lactobacillus.s__Lactobacillus_crispatus	156.4423516865
THRESYN-PWY: superpathway of L-threonine biosynthesis	158.9138356489
THRESYN-PWY: superpathway of L-threonine biosynthesis|g__Lactobacillus.s__Lactobacillus_crispatus	155.8875830474
PWY-6147: 6-hydroxymethyl-dihydropterin diphosphate biosynthesis I	150.2635875577
PWY-6147: 6-hydroxymethyl-dihydropterin diphosphate biosynthesis I|g__Lactobacillus.s__Lactobacillus_iners	143.1756449746
PWY-5973: cis-vaccenate biosynthesis	149.2393751397
P161-PWY: acetylene degradation (anaerobic)	145.5331834639
P161-PWY: acetylene degradation (anaerobic)|g__Lactobacillus.s__Lactobacillus_crispatus	74.7755164307
PWY0-1477: ethanolamine utilization	145.5331834639
PWY0-1477: ethanolamine utilization|g__Lactobacillus.s__Lactobacillus_crispatus	74.7755164307
PWY-1042: glycolysis IV	141.9740489015
PWY-5367: petroselinate biosynthesis	133.7413973436
PWY-5667: CDP-diacylglycerol biosynthesis I	133.6442822613
PWY-5667: CDP-diacylglycerol biosynthesis I|g__Lactobacillus.s__Lactobacillus_iners	87.1261246315
PWY0-1319: CDP-diacylglycerol biosynthesis II	133.6442822613
PWY0-1319: CDP-diacylglycerol biosynthesis II|g__Lactobacillus.s__Lactobacillus_iners	87.1261246315
PWY-5981: CDP-diacylglycerol biosynthesis III	121.6347157705
PWY-922: mevalonate pathway I (eukaryotes and bacteria)	120.0592723365
PWY-922: mevalonate pathway I (eukaryotes and bacteria)|g__Lactobacillus.s__Lactobacillus_iners	94.4202743317
PWY-7229: superpathway of adenosine nucleotides de novo biosynthesis I	76.0154495461
PWY-6126: superpathway of adenosine nucleotides de novo biosynthesis II	47.2326629861
PWY-7228: superpathway of guanosine nucleotides de novo biosynthesis I	40.3270903991
PWY-7210: pyrimidine deoxyribonucleotides biosynthesis from CTP	34.8904071542
PWY-7198: pyrimidine deoxyribonucleotides de novo biosynthesis IV	33.5783622343
PWY-6125: superpathway of guanosine nucleotides de novo biosynthesis II	32.1020568695
PWY-7184: pyrimidine deoxyribonucleotides de novo biosynthesis I	31.3959775276
PWY-7208: superpathway of pyrimidine nucleobases salvage	28.0233512061
PWY-7220: adenosine deoxyribonucleotides de novo biosynthesis II	21.5648163699
PWY-7222: guanosine deoxyribonucleotides de novo biosynthesis II	21.5648163699
PWY-7197: pyrimidine deoxyribonucleotide phosphorylation	19.0206950473
PWY4FS-7: phosphatidylglycerol biosynthesis I (plastidic)	17.0473053867
PWY4FS-8: phosphatidylglycerol biosynthesis II (non-plastidic)	17.0473053867