# Pathway	SRS014466_humann_Coverage
UNMAPPED	1.0000000000
UNINTEGRATED	1.0000000000
UNINTEGRATED|g__Lactobacillus.s__Lactobacillus_crispatus	1.0000000000
UNINTEGRATED|g__Lactobacillus.s__Lactobacillus_iners	1.0000000000
UNINTEGRATED|g__Lactobacillus.s__Lactobacillus_jensenii	1.0000000000
PWY-5100: pyruvate fermentation to acetate and lactate II	0.9954656776
PWY-5100: pyruvate fermentation to acetate and lactate II|g__Lactobacillus.s__Lactobacillus_crispatus	0.8955120202
PWY-5100: pyruvate fermentation to acetate and lactate II|g__Lactobacillus.s__Lactobacillus_iners	0.1353384010
PWY-5100: pyruvate fermentation to acetate and lactate II|g__Lactobacillus.s__Lactobacillus_jensenii	0.4620772266
P41-PWY: pyruvate fermentation to acetate and (S)-lactate I	0.9954656776
P41-PWY: pyruvate fermentation to acetate and (S)-lactate I|g__Lactobacillus.s__Lactobacillus_crispatus	0.8955120202
P41-PWY: pyruvate fermentation to acetate and (S)-lactate I|g__Lactobacillus.s__Lactobacillus_iners	0.1353384010
P41-PWY: pyruvate fermentation to acetate and (S)-lactate I|g__Lactobacillus.s__Lactobacillus_jensenii	0.4620772266
PWY66-429: fatty acid biosynthesis initiation (mitochondria)	0.8938859872
PWY66-429: fatty acid biosynthesis initiation (mitochondria)|g__Lactobacillus.s__Lactobacillus_crispatus	0.9755416993
TRNA-CHARGING-PWY: tRNA charging	0.0059302567
TRNA-CHARGING-PWY: tRNA charging|g__Lactobacillus.s__Lactobacillus_crispatus	0.0000049473
TRNA-CHARGING-PWY: tRNA charging|g__Lactobacillus.s__Lactobacillus_iners	0.0975386033
UDPNAGSYN-PWY: UDP-N-acetyl-D-glucosamine biosynthesis I	0.6443885994
UDPNAGSYN-PWY: UDP-N-acetyl-D-glucosamine biosynthesis I|g__Lactobacillus.s__Lactobacillus_crispatus	0.0107349964
UDPNAGSYN-PWY: UDP-N-acetyl-D-glucosamine biosynthesis I|g__Lactobacillus.s__Lactobacillus_iners	0.1924465416
UDPNAGSYN-PWY: UDP-N-acetyl-D-glucosamine biosynthesis I|g__Lactobacillus.s__Lactobacillus_jensenii	0.1677139943
PWY-6151: S-adenosyl-L-methionine salvage I	0.6448442005
PWY-6151: S-adenosyl-L-methionine salvage I|g__Lactobacillus.s__Lactobacillus_crispatus	0.7158608508
PWY-6386: UDP-N-acetylmuramoyl-pentapeptide biosynthesis II (lysine-containing)	0.0007033335
PWY-6386: UDP-N-acetylmuramoyl-pentapeptide biosynthesis II (lysine-containing)|g__Lactobacillus.s__Lactobacillus_crispatus	0.0000019399
PWY-6386: UDP-N-acetylmuramoyl-pentapeptide biosynthesis II (lysine-containing)|g__Lactobacillus.s__Lactobacillus_iners	0.4530619395
PWY-7221: guanosine ribonucleotides de novo biosynthesis	0.0818846133
PWY-7221: guanosine ribonucleotides de novo biosynthesis|g__Lactobacillus.s__Lactobacillus_crispatus	0.0000049742
COA-PWY-1: superpathway of coenzyme A biosynthesis III (mammals)	0.0005620885
COA-PWY-1: superpathway of coenzyme A biosynthesis III (mammals)|g__Lactobacillus.s__Lactobacillus_crispatus	0.0000011613
COA-PWY-1: superpathway of coenzyme A biosynthesis III (mammals)|g__Lactobacillus.s__Lactobacillus_jensenii	0.4367687809
PWY-6387: UDP-N-acetylmuramoyl-pentapeptide biosynthesis I (meso-diaminopimelate containing)	0.0002350405
PWY-6387: UDP-N-acetylmuramoyl-pentapeptide biosynthesis I (meso-diaminopimelate containing)|g__Lactobacillus.s__Lactobacillus_crispatus	0.0000006797
PWY-6387: UDP-N-acetylmuramoyl-pentapeptide biosynthesis I (meso-diaminopimelate containing)|g__Lactobacillus.s__Lactobacillus_iners	0.3406850951
PWY-5686: UMP biosynthesis I	0.0108198335
PWY-5686: UMP biosynthesis I|g__Lactobacillus.s__Lactobacillus_crispatus	0.0000616664
PWY-5686: UMP biosynthesis I|g__Lactobacillus.s__Lactobacillus_iners	0.2794441418
PWY-7790: UMP biosynthesis II	0.0108198335
PWY-7790: UMP biosynthesis II|g__Lactobacillus.s__Lactobacillus_crispatus	0.0000616664
PWY-7790: UMP biosynthesis II|g__Lactobacillus.s__Lactobacillus_iners	0.3449245698
PWY-7791: UMP biosynthesis III	0.0108198335
PWY-7791: UMP biosynthesis III|g__Lactobacillus.s__Lactobacillus_crispatus	0.0000616664
PWY-7791: UMP biosynthesis III|g__Lactobacillus.s__Lactobacillus_iners	0.2794441418
COA-PWY: coenzyme A biosynthesis I (prokaryotic)	0.0004497214
COA-PWY: coenzyme A biosynthesis I (prokaryotic)|g__Lactobacillus.s__Lactobacillus_crispatus	0.0000009290
COA-PWY: coenzyme A biosynthesis I (prokaryotic)|g__Lactobacillus.s__Lactobacillus_iners	0.0164323417
COA-PWY: coenzyme A biosynthesis I (prokaryotic)|g__Lactobacillus.s__Lactobacillus_jensenii	0.4361150155
PWY-7851: coenzyme A biosynthesis II (eukaryotic)	0.0004497214
PWY-7851: coenzyme A biosynthesis II (eukaryotic)|g__Lactobacillus.s__Lactobacillus_crispatus	0.0000009290
PWY-7851: coenzyme A biosynthesis II (eukaryotic)|g__Lactobacillus.s__Lactobacillus_iners	0.0164323417
PWY-7851: coenzyme A biosynthesis II (eukaryotic)|g__Lactobacillus.s__Lactobacillus_jensenii	0.4200301071
PEPTIDOGLYCANSYN-PWY: peptidoglycan biosynthesis I (meso-diaminopimelate containing)	0.0002390212
PEPTIDOGLYCANSYN-PWY: peptidoglycan biosynthesis I (meso-diaminopimelate containing)|g__Lactobacillus.s__Lactobacillus_crispatus	0.0000000116
PEPTIDOGLYCANSYN-PWY: peptidoglycan biosynthesis I (meso-diaminopimelate containing)|g__Lactobacillus.s__Lactobacillus_iners	0.3299111326
GLCMANNANAUT-PWY: superpathway of N-acetylglucosamine, N-acetylmannosamine and N-acetylneuraminate degradation	0.0000066297
GLCMANNANAUT-PWY: superpathway of N-acetylglucosamine, N-acetylmannosamine and N-acetylneuraminate degradation|g__Lactobacillus.s__Lactobacillus_crispatus	0.0002295548
GLYCOLYSIS: glycolysis I (from glucose 6-phosphate)	0.0000000000
PWY-3841: folate transformations II (plants)	0.0000153863
PWY-3841: folate transformations II (plants)|g__Lactobacillus.s__Lactobacillus_crispatus	0.0000000013
PWY-2942: L-lysine biosynthesis III	0.0000001854
PWY-2942: L-lysine biosynthesis III|g__Lactobacillus.s__Lactobacillus_crispatus	0.0000119050
PWY-5097: L-lysine biosynthesis VI	0.0000000128
PWY-5097: L-lysine biosynthesis VI|g__Lactobacillus.s__Lactobacillus_crispatus	0.0000012381
PWY-2941: L-lysine biosynthesis II	0.0000000146
PWY-2941: L-lysine biosynthesis II|g__Lactobacillus.s__Lactobacillus_crispatus	0.0000014131
PWY-724: superpathway of L-lysine, L-threonine and L-methionine biosynthesis II	0.0000000003
PWY-724: superpathway of L-lysine, L-threonine and L-methionine biosynthesis II|g__Lactobacillus.s__Lactobacillus_crispatus	0.0000000480
THRESYN-PWY: superpathway of L-threonine biosynthesis	0.0000000002
THRESYN-PWY: superpathway of L-threonine biosynthesis|g__Lactobacillus.s__Lactobacillus_crispatus	0.0000000292
P161-PWY: acetylene degradation (anaerobic)	0.0000000000
P161-PWY: acetylene degradation (anaerobic)|g__Lactobacillus.s__Lactobacillus_crispatus	0.0000000000
PWY0-1477: ethanolamine utilization	0.0000000000
PWY0-1477: ethanolamine utilization|g__Lactobacillus.s__Lactobacillus_crispatus	0.0000000000
PWY-1042: glycolysis IV	0.0000000000
PWY-6317: D-galactose degradation I (Leloir pathway)	0.0000000000
PWY-7229: superpathway of adenosine nucleotides de novo biosynthesis I	0.0000000000
LACTOSECAT-PWY: lactose and galactose degradation I	0.0000000000
LACTOSECAT-PWY: lactose and galactose degradation I|g__Lactobacillus.s__Lactobacillus_iners	0.0704390897
PWY-5973: cis-vaccenate biosynthesis	0.0000000000
PWY-6126: superpathway of adenosine nucleotides de novo biosynthesis II	0.0000000000
PWY-5367: petroselinate biosynthesis	0.0000000000
PWY-7228: superpathway of guanosine nucleotides de novo biosynthesis I	0.0000000000
PWY-7210: pyrimidine deoxyribonucleotides biosynthesis from CTP	0.0000000000
PWY-6125: superpathway of guanosine nucleotides de novo biosynthesis II	0.0000000000
PWY-7198: pyrimidine deoxyribonucleotides de novo biosynthesis IV	0.0000000000
PWY-7184: pyrimidine deoxyribonucleotides de novo biosynthesis I	0.0000000000
PWY-922: mevalonate pathway I (eukaryotes and bacteria)	0.0000000000
PWY-922: mevalonate pathway I (eukaryotes and bacteria)|g__Lactobacillus.s__Lactobacillus_iners	0.0036410042
PWY-7663: gondoate biosynthesis (anaerobic)	0.0000000000
PWY-7208: superpathway of pyrimidine nucleobases salvage	0.0000000000
PWY-5384: sucrose degradation IV (sucrose phosphorylase)	0.0000000000
PWY-7220: adenosine deoxyribonucleotides de novo biosynthesis II	0.0000000000
PWY-7222: guanosine deoxyribonucleotides de novo biosynthesis II	0.0000000000
PWY-7197: pyrimidine deoxyribonucleotide phosphorylation	0.0000000000
PWY-6147: 6-hydroxymethyl-dihydropterin diphosphate biosynthesis I	0.0000000000
PWY-6147: 6-hydroxymethyl-dihydropterin diphosphate biosynthesis I|g__Lactobacillus.s__Lactobacillus_iners	0.0007550100
PWY-5667: CDP-diacylglycerol biosynthesis I	0.0000000000
PWY-5667: CDP-diacylglycerol biosynthesis I|g__Lactobacillus.s__Lactobacillus_iners	0.0000007420
PWY0-1319: CDP-diacylglycerol biosynthesis II	0.0000000000
PWY0-1319: CDP-diacylglycerol biosynthesis II|g__Lactobacillus.s__Lactobacillus_iners	0.0000007420
PWY-5981: CDP-diacylglycerol biosynthesis III	0.0000000000
PWY4FS-7: phosphatidylglycerol biosynthesis I (plastidic)	0.0000000000
PWY4FS-8: phosphatidylglycerol biosynthesis II (non-plastidic)	0.0000000000