# Pathway	SRS015072_humann_Coverage
UNMAPPED	1.0000000000
UNINTEGRATED	1.0000000000
UNINTEGRATED|g__Lactobacillus.s__Lactobacillus_crispatus	1.0000000000
UNINTEGRATED|g__Lactobacillus.s__Lactobacillus_iners	1.0000000000
UDPNAGSYN-PWY: UDP-N-acetyl-D-glucosamine biosynthesis I	0.9999892820
UDPNAGSYN-PWY: UDP-N-acetyl-D-glucosamine biosynthesis I|g__Lactobacillus.s__Lactobacillus_crispatus	0.2156127714
UDPNAGSYN-PWY: UDP-N-acetyl-D-glucosamine biosynthesis I|g__Lactobacillus.s__Lactobacillus_iners	0.8839080467
PWY-5100: pyruvate fermentation to acetate and lactate II	0.8517914023
PWY-5100: pyruvate fermentation to acetate and lactate II|g__Lactobacillus.s__Lactobacillus_crispatus	0.2622221690
PWY-5100: pyruvate fermentation to acetate and lactate II|g__Lactobacillus.s__Lactobacillus_iners	0.4216224720
P41-PWY: pyruvate fermentation to acetate and (S)-lactate I	0.8517914023
P41-PWY: pyruvate fermentation to acetate and (S)-lactate I|g__Lactobacillus.s__Lactobacillus_crispatus	0.2622221690
P41-PWY: pyruvate fermentation to acetate and (S)-lactate I|g__Lactobacillus.s__Lactobacillus_iners	0.4216224720
TRNA-CHARGING-PWY: tRNA charging	0.0730950877
TRNA-CHARGING-PWY: tRNA charging|g__Lactobacillus.s__Lactobacillus_crispatus	0.0016507204
TRNA-CHARGING-PWY: tRNA charging|g__Lactobacillus.s__Lactobacillus_iners	0.0452268892
PWY66-429: fatty acid biosynthesis initiation (mitochondria)	0.8607888319
PWY66-429: fatty acid biosynthesis initiation (mitochondria)|g__Lactobacillus.s__Lactobacillus_crispatus	0.9992547353
PWY-5686: UMP biosynthesis I	0.6463606424
PWY-5686: UMP biosynthesis I|g__Lactobacillus.s__Lactobacillus_crispatus	0.0003023932
PWY-5686: UMP biosynthesis I|g__Lactobacillus.s__Lactobacillus_iners	0.7731598772
PWY-7790: UMP biosynthesis II	0.6463606424
PWY-7790: UMP biosynthesis II|g__Lactobacillus.s__Lactobacillus_crispatus	0.0003023932
PWY-7790: UMP biosynthesis II|g__Lactobacillus.s__Lactobacillus_iners	0.7731598772
PWY-7791: UMP biosynthesis III	0.6463606424
PWY-7791: UMP biosynthesis III|g__Lactobacillus.s__Lactobacillus_crispatus	0.0003023932
PWY-7791: UMP biosynthesis III|g__Lactobacillus.s__Lactobacillus_iners	0.7731598772
COA-PWY-1: superpathway of coenzyme A biosynthesis III (mammals)	0.0170224850
COA-PWY-1: superpathway of coenzyme A biosynthesis III (mammals)|g__Lactobacillus.s__Lactobacillus_crispatus	0.0007276056
PWY-6386: UDP-N-acetylmuramoyl-pentapeptide biosynthesis II (lysine-containing)	0.2709190115
PWY-6386: UDP-N-acetylmuramoyl-pentapeptide biosynthesis II (lysine-containing)|g__Lactobacillus.s__Lactobacillus_crispatus	0.0000780078
PWY-6386: UDP-N-acetylmuramoyl-pentapeptide biosynthesis II (lysine-containing)|g__Lactobacillus.s__Lactobacillus_iners	0.0011648220
PWY-7221: guanosine ribonucleotides de novo biosynthesis	0.2088592489
PWY-7221: guanosine ribonucleotides de novo biosynthesis|g__Lactobacillus.s__Lactobacillus_crispatus	0.0000183456
PEPTIDOGLYCANSYN-PWY: peptidoglycan biosynthesis I (meso-diaminopimelate containing)	0.3100154343
PEPTIDOGLYCANSYN-PWY: peptidoglycan biosynthesis I (meso-diaminopimelate containing)|g__Lactobacillus.s__Lactobacillus_crispatus	0.0000812559
PEPTIDOGLYCANSYN-PWY: peptidoglycan biosynthesis I (meso-diaminopimelate containing)|g__Lactobacillus.s__Lactobacillus_iners	0.0012144319
PWY-6387: UDP-N-acetylmuramoyl-pentapeptide biosynthesis I (meso-diaminopimelate containing)	0.2740671415
PWY-6387: UDP-N-acetylmuramoyl-pentapeptide biosynthesis I (meso-diaminopimelate containing)|g__Lactobacillus.s__Lactobacillus_crispatus	0.0000650143
PWY-6387: UDP-N-acetylmuramoyl-pentapeptide biosynthesis I (meso-diaminopimelate containing)|g__Lactobacillus.s__Lactobacillus_iners	0.0009727000
COA-PWY: coenzyme A biosynthesis I (prokaryotic)	0.0136645089
COA-PWY: coenzyme A biosynthesis I (prokaryotic)|g__Lactobacillus.s__Lactobacillus_crispatus	0.0005821692
COA-PWY: coenzyme A biosynthesis I (prokaryotic)|g__Lactobacillus.s__Lactobacillus_iners	0.0040753081
PWY-7851: coenzyme A biosynthesis II (eukaryotic)	0.0136645089
PWY-7851: coenzyme A biosynthesis II (eukaryotic)|g__Lactobacillus.s__Lactobacillus_crispatus	0.0005821692
PWY-7851: coenzyme A biosynthesis II (eukaryotic)|g__Lactobacillus.s__Lactobacillus_iners	0.0026012288
PWY-3841: folate transformations II (plants)	0.0935473886
PWY-3841: folate transformations II (plants)|g__Lactobacillus.s__Lactobacillus_crispatus	0.0000000126
PWY-6151: S-adenosyl-L-methionine salvage I	0.0644965281
PWY-6151: S-adenosyl-L-methionine salvage I|g__Lactobacillus.s__Lactobacillus_crispatus	0.8622159457
GLCMANNANAUT-PWY: superpathway of N-acetylglucosamine, N-acetylmannosamine and N-acetylneuraminate degradation	0.0000002558
GLCMANNANAUT-PWY: superpathway of N-acetylglucosamine, N-acetylmannosamine and N-acetylneuraminate degradation|g__Lactobacillus.s__Lactobacillus_crispatus	0.0370674220
GLYCOLYSIS: glycolysis I (from glucose 6-phosphate)	0.0000000000
PWY-6317: D-galactose degradation I (Leloir pathway)	0.0000000000
PWY-5097: L-lysine biosynthesis VI	0.0000000000
PWY-5097: L-lysine biosynthesis VI|g__Lactobacillus.s__Lactobacillus_crispatus	0.0000002192
PWY-2942: L-lysine biosynthesis III	0.0000000000
PWY-2942: L-lysine biosynthesis III|g__Lactobacillus.s__Lactobacillus_crispatus	0.0000001879
PWY-2941: L-lysine biosynthesis II	0.0000000000
PWY-2941: L-lysine biosynthesis II|g__Lactobacillus.s__Lactobacillus_crispatus	0.0000002505
LACTOSECAT-PWY: lactose and galactose degradation I	0.0000000000
LACTOSECAT-PWY: lactose and galactose degradation I|g__Lactobacillus.s__Lactobacillus_iners	0.5083292383
PWY-724: superpathway of L-lysine, L-threonine and L-methionine biosynthesis II	0.0000000000
PWY-724: superpathway of L-lysine, L-threonine and L-methionine biosynthesis II|g__Lactobacillus.s__Lactobacillus_crispatus	0.0000000516
THRESYN-PWY: superpathway of L-threonine biosynthesis	0.0000000000
THRESYN-PWY: superpathway of L-threonine biosynthesis|g__Lactobacillus.s__Lactobacillus_crispatus	0.0000000337
PWY-6147: 6-hydroxymethyl-dihydropterin diphosphate biosynthesis I	0.0000000000
PWY-6147: 6-hydroxymethyl-dihydropterin diphosphate biosynthesis I|g__Lactobacillus.s__Lactobacillus_iners	0.9577130219
PWY-5973: cis-vaccenate biosynthesis	0.0000000000
P161-PWY: acetylene degradation (anaerobic)	0.0000000000
P161-PWY: acetylene degradation (anaerobic)|g__Lactobacillus.s__Lactobacillus_crispatus	0.0000000000
PWY0-1477: ethanolamine utilization	0.0000000000
PWY0-1477: ethanolamine utilization|g__Lactobacillus.s__Lactobacillus_crispatus	0.0000000000
PWY-1042: glycolysis IV	0.0000000000
PWY-5367: petroselinate biosynthesis	0.0000000000
PWY-5667: CDP-diacylglycerol biosynthesis I	0.0000000000
PWY-5667: CDP-diacylglycerol biosynthesis I|g__Lactobacillus.s__Lactobacillus_iners	0.0073149862
PWY0-1319: CDP-diacylglycerol biosynthesis II	0.0000000000
PWY0-1319: CDP-diacylglycerol biosynthesis II|g__Lactobacillus.s__Lactobacillus_iners	0.0073149862
PWY-5981: CDP-diacylglycerol biosynthesis III	0.0000000000
PWY-922: mevalonate pathway I (eukaryotes and bacteria)	0.0000000000
PWY-922: mevalonate pathway I (eukaryotes and bacteria)|g__Lactobacillus.s__Lactobacillus_iners	0.0614522422
PWY-7229: superpathway of adenosine nucleotides de novo biosynthesis I	0.0000000000
PWY-6126: superpathway of adenosine nucleotides de novo biosynthesis II	0.0000000000
PWY-7228: superpathway of guanosine nucleotides de novo biosynthesis I	0.0000000000
PWY-7210: pyrimidine deoxyribonucleotides biosynthesis from CTP	0.0000000000
PWY-7198: pyrimidine deoxyribonucleotides de novo biosynthesis IV	0.0000000000
PWY-6125: superpathway of guanosine nucleotides de novo biosynthesis II	0.0000000000
PWY-7184: pyrimidine deoxyribonucleotides de novo biosynthesis I	0.0000000000
PWY-7208: superpathway of pyrimidine nucleobases salvage	0.0000000000
PWY-7220: adenosine deoxyribonucleotides de novo biosynthesis II	0.0000000000
PWY-7222: guanosine deoxyribonucleotides de novo biosynthesis II	0.0000000000
PWY-7197: pyrimidine deoxyribonucleotide phosphorylation	0.0000000000
PWY4FS-7: phosphatidylglycerol biosynthesis I (plastidic)	0.0000000000
PWY4FS-8: phosphatidylglycerol biosynthesis II (non-plastidic)	0.0000000000